experiment_id,model,mode,test_id,topic,question,candidate_answer,human_label,expected_bucket,llm_score,predicted_bucket,match,feedback,strengths,missed_concepts,latency_ms,timestamp,error
claude_sonnet_rag_run2,claude-sonnet-4-6,rag,1,Core Java,What is the difference between the == operator and the equals() method?,"The == operator compares references — it checks whether two objects point to the same memory location. The equals() method compares the values of objects. For primitive types like int or char, == compares values because primitives have no references.",correct,correct,0.85,correct,True,"The candidate demonstrates a solid basic understanding of the difference between == and equals(). The explanation is accurate and covers the key distinction for both objects and primitives. However, the answer lacks depth — a stronger answer would mention that equals() in the Object class defaults to reference comparison (same as ==), and that classes like String override it to compare content. Mentioning the contract between equals() and hashCode() would further demonstrate deeper knowledge.",Correctly explains that == compares references (memory locations) for objects; Correctly explains that equals() compares values/content of objects; Correctly notes that == compares values for primitive types,"Did not mention that equals() is inherited from Object class and by default also compares references unless overridden; Did not provide examples of classes that override equals() such as String, Integer, etc.; Did not mention the importance of overriding equals() (and hashCode()) in custom classes; Did not give a concrete code example to illustrate the difference",6280,2026-05-12T16:37:06.723022,
claude_sonnet_rag_run2,claude-sonnet-4-6,rag,2,Core Java,What is Optional and what problem does it solve?,"Optional is a container that may or may not hold a value. It was introduced in Java 8 to reduce NullPointerExceptions — instead of returning null from a method, we return an Optional and force the caller to explicitly handle the absence of a value using isPresent(), orElse(), or map().",correct,correct,0.85,correct,True,"Strong answer that covers the core concept well. The candidate demonstrates a solid understanding of what Optional is, why it was introduced, and how it is used in practice with concrete method examples. To improve, the candidate could mention additional methods like orElseThrow() or ifPresent(), and note best practices such as avoiding Optional as method parameters or fields.","Correctly identifies Optional as a container that may or may not hold a value; Correctly states it was introduced in Java 8; Correctly identifies the main problem it solves: reducing NullPointerExceptions; Mentions the key use case of returning Optional instead of null; Lists concrete methods: isPresent(), orElse(), and map()","Could mention ifPresent() or orElseThrow() as additional useful methods; Could mention that Optional encourages a more functional programming style; Could clarify that Optional is not meant to replace all null checks, but primarily for return types",5505,2026-05-12T16:37:12.529636,
claude_sonnet_rag_run2,claude-sonnet-4-6,rag,3,Core Java,What does the synchronized keyword mean?,synchronized locks access to a method or code block so that only one thread can execute it at a time. This prevents race conditions — situations where two threads simultaneously modify the same variable and the result depends on the order of execution.,correct,correct,0.85,correct,True,"The candidate provides a solid, correct, and practical explanation of the synchronized keyword. The answer covers the core purpose well and correctly ties it to race conditions. However, for a more complete answer, the candidate could have mentioned the underlying monitor/intrinsic lock mechanism, memory visibility guarantees, and the distinction between synchronizing on instance vs. class level. Overall, a good foundational understanding is demonstrated.",Correctly explains that synchronized restricts access to one thread at a time; Accurately describes the concept of race conditions; Mentions both methods and code blocks as applicable targets; Explains the practical consequence of race conditions (result depends on execution order),No mention of the intrinsic lock/monitor object that synchronized uses internally; Did not mention that synchronized also ensures memory visibility (happens-before relationship); No mention of the difference between instance-level and class-level (static) synchronization; Did not mention potential performance implications or deadlock risks,6206,2026-05-12T16:37:19.036387,
claude_sonnet_rag_run2,claude-sonnet-4-6,rag,4,Core Java,What is the Garbage Collector and how does it work?,The GC is a JVM mechanism that automatically frees heap memory occupied by objects that no longer have any live references. It runs in the background and is triggered by the JVM — the programmer does not need to manually deallocate memory as in C++.,correct,correct,0.55,partial,False,"The candidate provides a basic, high-level definition of the Garbage Collector that is technically correct but lacks depth. For a Junior Java Developer position, it would be expected to at least mention generational GC concepts, the basic Mark-and-Sweep process, or Stop-the-World pauses. The answer demonstrates awareness of what GC does but not how it actually works internally, which was explicitly asked in the question.",Correctly identifies GC as a JVM mechanism for automatic memory management; Correctly states it frees heap memory for objects with no live references; Correctly contrasts with manual memory management in C++; Mentions it runs in the background,"No mention of generational garbage collection (Young/Old/Permanent generations); No explanation of GC phases (Mark, Sweep, Compact); No mention of specific GC algorithms (Serial, Parallel, G1, ZGC, Shenandoah); No mention of Stop-the-World pauses; No mention of how objects move between generations (Eden, Survivor spaces); No mention of Minor GC vs Major/Full GC; No mention of reachability analysis or GC roots",6159,2026-05-12T16:37:25.495932,
claude_sonnet_rag_run2,claude-sonnet-4-6,rag,5,Core Java,What is a functional interface?,A functional interface has exactly one abstract method. This allows it to be used as a target type for a lambda. We can annotate it with @FunctionalInterface so the compiler enforces this requirement. It may have any number of default and static methods.,correct,correct,1.0,correct,True,"The candidate provided a complete and accurate answer covering all key aspects of functional interfaces: the single abstract method requirement, lambda expression compatibility, the @FunctionalInterface annotation, and the allowance of default/static methods. The answer is concise and technically correct.",Correctly identified that a functional interface has exactly one abstract method; Mentioned lambda expressions as target types; Correctly noted the @FunctionalInterface annotation and its compiler enforcement role; Correctly stated that default and static methods are allowed in any number,,3624,2026-05-12T16:37:29.420574,
claude_sonnet_rag_run2,claude-sonnet-4-6,rag,6,Core Java,What are the access modifiers in Java and how do they differ?,Java has four access modifiers: public — visible everywhere; protected — visible within the same package and in subclasses; package-private (no keyword) — visible only within the package; private — visible only within the same class.,correct,correct,0.95,correct,True,"The candidate provided a solid and accurate answer covering all four access modifiers with correct visibility scopes. The answer demonstrates a good understanding of Java access control. Minor gaps include not mentioning that protected access also includes the class itself, and not discussing where modifiers can be applied. Overall, this is a strong answer for a Junior Java Developer position.",Correctly identified all four access modifiers in Java; Accurately described the visibility scope for each modifier; Mentioned the 'no keyword' (package-private) case which many candidates miss; Clear and concise explanation,"Could have mentioned that protected also allows access within the same class; No mention of where these modifiers can be applied (classes, methods, fields); Did not mention that top-level classes can only be public or package-private",5324,2026-05-12T16:37:35.045470,
claude_sonnet_rag_run2,claude-sonnet-4-6,rag,7,OOP,What is the Open/Closed Principle?,"OCP states that classes should be open for extension but closed for modification. This means new behaviour is added by implementing an interface or through inheritance, not by changing existing code. A classic example is the Strategy pattern — instead of adding if-else branches to a class, we create a new implementation of an interface.",correct,correct,0.95,correct,True,"Excellent answer. The candidate demonstrates a clear and accurate understanding of the Open/Closed Principle, including its definition, practical application, and a relevant design pattern example. The mention of the Strategy pattern as a classic OCP implementation shows solid knowledge beyond just the definition. Minor improvements could include explicitly tying it to SOLID and perhaps a brief code snippet, but overall this is a strong response for a Junior Java Developer position.","Correctly defines OCP as open for extension but closed for modification; Explains the practical implication of adding behavior through interfaces or inheritance; Provides a concrete and relevant example using the Strategy pattern; Mentions avoiding if-else branches as a violation of OCP, showing deeper understanding",Could have mentioned that OCP is part of the SOLID principles explicitly; Could have provided a brief code-level example to further illustrate the concept,5459,2026-05-12T16:37:40.805092,
claude_sonnet_rag_run2,claude-sonnet-4-6,rag,8,OOP,What is abstraction in object-oriented programming?,"Abstraction is about hiding implementation details and exposing only the interface. In Java it is achieved through abstract classes and interfaces. We focus on 'what' an object does rather than 'how' it does it — for example, Collections.sort() — I don't know how it sorts internally, but I know how to use it.",correct,correct,0.85,correct,True,"The candidate demonstrates a solid understanding of abstraction with a clear definition and a good practical example. The answer covers the core concept well. To improve, the candidate could elaborate on the distinction between abstract classes (partial abstraction) and interfaces (full abstraction), and mention how encapsulation relates to abstraction.","Correctly defines abstraction as hiding implementation details and exposing only the interface; Mentions both abstract classes and interfaces as Java mechanisms for abstraction; Clearly articulates the 'what vs how' distinction; Provides a practical, real-world example with Collections.sort()","Did not mention the difference between abstract classes and interfaces in terms of abstraction levels; Did not discuss partial vs full abstraction (abstract class can have concrete methods, interface is fully abstract by default); Could have mentioned access modifiers as another tool for abstraction",5056,2026-05-12T16:37:46.162177,
claude_sonnet_rag_run2,claude-sonnet-4-6,rag,9,Core Java,"What is the difference between String, StringBuilder, and StringBuffer?","String is immutable — every change creates a new object. StringBuilder and StringBuffer are mutable, so they are faster when making multiple modifications. Both are used in a similar way.",partial,partial,0.55,partial,True,"The candidate has a basic understanding of the immutability of String and the mutability of StringBuilder and StringBuffer, but missed the most critical distinguishing factor between StringBuilder and StringBuffer — thread safety. StringBuffer is synchronized (thread-safe) while StringBuilder is not, making StringBuilder faster in single-threaded contexts. This is typically the key point interviewers look for when asking this question. The answer needs more depth to be considered complete.",Correctly identified that String is immutable and creates new objects on modification; Correctly identified that StringBuilder and StringBuffer are mutable; Mentioned performance advantage of mutable classes for multiple modifications,"Did not mention that StringBuffer is thread-safe (synchronized) while StringBuilder is not; Did not mention that StringBuilder is faster than StringBuffer due to lack of synchronization; Did not mention use cases: StringBuilder for single-threaded, StringBuffer for multi-threaded environments; Did not mention that String is stored in the String pool; No mention of the performance implications of String concatenation in loops",5942,2026-05-12T16:37:52.404567,
claude_sonnet_rag_run2,claude-sonnet-4-6,rag,10,Core Java,What is the Stream API?,"The Stream API is used for processing collections. It allows filtering, sorting, and mapping elements. It has been available since Java 8.",partial,partial,0.35,partial,True,"The candidate provides a very basic, surface-level description of the Stream API. While the answer is not incorrect, it lacks technical depth expected even for a junior developer. Key concepts such as the difference between intermediate and terminal operations, lazy evaluation, the pipeline model, immutability of the source, and parallel stream support are all missing. The answer reads more like a one-liner definition than a demonstration of understanding.","Correctly identifies Stream API as used for processing collections; Mentions key operations: filtering, sorting, and mapping; Correctly states it was introduced in Java 8","No mention of lazy evaluation / lazy execution of intermediate operations; No distinction between intermediate operations (filter, map, sorted) and terminal operations (collect, forEach, reduce); No mention that streams do not modify the original data source; No mention of functional programming / declarative style; No mention of parallel streams and parallel processing capability; No mention that a stream can only be consumed once; No explanation of the pipeline concept (source -> intermediate ops -> terminal op)",5999,2026-05-12T16:37:58.704898,
claude_sonnet_rag_run2,claude-sonnet-4-6,rag,11,OOP,What is the Single Responsibility Principle?,SRP says that a class should do only one thing. It should not mix business logic with database access.,partial,partial,0.4,partial,True,"The candidate demonstrates a basic understanding of SRP by stating a class should do only one thing and gives a simple example. However, the answer lacks depth. The key formal definition — that a class should have only one reason to change — is missing. A stronger answer would explain what 'one reason to change' means, why it matters for maintainability, and possibly mention that SRP is one of the SOLID principles. The answer is minimal but not incorrect.",Correctly identifies that SRP means a class should have only one responsibility; Provides a practical example distinguishing business logic from database access,"The formal definition: a class should have only one reason to change; The concept of 'reason to change' as the core of SRP; Mention of Robert C. Martin (Uncle Bob) who formalized this principle; SRP applies not just to classes but also to methods and modules; Explanation of how violating SRP leads to tightly coupled code and maintenance issues; Benefits of SRP such as improved testability, maintainability, and reusability",5646,2026-05-12T16:38:04.652368,
claude_sonnet_rag_run2,claude-sonnet-4-6,rag,12,Core Java,What is the difference between an Error and an Exception?,"An Error is a more serious problem than an Exception. Both inherit from Throwable. Exceptions are handled with try-catch, and Errors can technically be caught too but should not be.",partial,partial,0.55,partial,True,"The candidate demonstrates a basic understanding of the Error vs Exception hierarchy, knowing both extend Throwable and that Errors generally should not be caught. However, the answer lacks depth and technical specifics. A stronger answer would include concrete examples (e.g., OutOfMemoryError, NullPointerException, IOException), explain that Errors represent unrecoverable JVM-level failures while Exceptions represent recoverable application-level issues, and discuss the checked/unchecked distinction within Exceptions.",Correctly identifies that both Error and Exception inherit from Throwable; Correctly notes that Exceptions are handled with try-catch; Shows awareness that Errors can technically be caught but should not be,"No mention of checked vs unchecked exceptions (RuntimeException vs checked Exception); No explanation that Errors represent JVM-level problems (OutOfMemoryError, StackOverflowError) that are unrecoverable; No mention that Exceptions represent recoverable conditions in the application; No concrete examples of Errors vs Exceptions; No mention that Errors are typically caused by the environment/JVM, not the application logic; No distinction between checked exceptions (must be declared or caught) and unchecked exceptions",7015,2026-05-12T16:38:11.968793,
claude_sonnet_rag_run2,claude-sonnet-4-6,rag,13,Core Java,What is the difference between map() and flatMap() in the Stream API?,"map() transforms each element of the stream into another element. flatMap() also transforms, but I think it flattens nested collections — I'm not entirely sure how it works exactly.",partial,partial,0.35,partial,True,"The candidate has a basic surface-level understanding of both methods but lacks the technical depth expected even for a junior developer. The answer correctly identifies the core idea of flattening in flatMap(), but the candidate explicitly admits uncertainty ('I'm not entirely sure how it works exactly'), which is a red flag. A stronger answer would explain that flatMap() expects a function returning a Stream and merges all resulting streams into one, with a concrete example such as flattening a list of lists. The distinction between one-to-one (map) and one-to-many (flatMap) transformations was not articulated.",Correctly identified that map() transforms each element of the stream; Correctly mentioned that flatMap() involves flattening nested collections,"flatMap() maps each element to a Stream and then flattens those streams into a single stream; map() produces a one-to-one mapping (one element in, one element out); flatMap() produces a one-to-many mapping (one element in, zero or more elements out); Concrete example: using flatMap() to flatten a List<List<String>> into a Stream<String>; The function passed to map() returns a value T, while the function passed to flatMap() returns a Stream<T>; Use cases distinguishing when to use map vs flatMap",6784,2026-05-12T16:38:19.053285,
claude_sonnet_rag_run2,claude-sonnet-4-6,rag,14,Core Java,What does the synchronized keyword mean?,synchronized ensures that a given method or block of code can only be executed by one thread at a time. It is used when multiple threads share data.,partial,partial,0.7,correct,False,"The candidate provides a correct but surface-level answer. They capture the core idea of mutual exclusion and the shared-data use case, which is good. However, a stronger answer would explain the underlying lock/monitor mechanism, differentiate between synchronized methods and synchronized blocks, mention that static synchronized methods lock on the Class object while instance methods lock on 'this', and address memory visibility guarantees. For a Junior Developer position, this answer is acceptable but lacks depth.",Correctly identifies that synchronized restricts execution to one thread at a time; Correctly mentions the use case of multiple threads sharing data,No mention of the monitor/intrinsic lock mechanism that underlies synchronization; Did not distinguish between synchronized methods (instance vs static) and synchronized blocks; No mention of visibility guarantees (happens-before relationship / memory visibility); Did not mention that synchronized blocks require specifying a lock object; No mention of potential performance implications or deadlock risks,5994,2026-05-12T16:38:25.348109,
claude_sonnet_rag_run2,claude-sonnet-4-6,rag,15,OOP,What is encapsulation?,Encapsulation means setting class fields as private and exposing them through public getters and setters. This way we control access to data.,partial,partial,0.65,correct,False,"The candidate gives a basic but correct description of the most common practical implementation of encapsulation in Java (private fields + getters/setters). However, the answer is incomplete. Encapsulation is more broadly about bundling data and behavior together into a class and hiding internal implementation details from the outside world. The candidate should also explain the benefits such as improved maintainability, reduced coupling, and the ability to change internal implementation without breaking external code.",Correctly identifies the use of private fields; Mentions getters and setters as the mechanism for controlled access; Understands the core purpose of controlling access to data,"No mention of bundling data and methods together as a single unit (the broader definition of encapsulation); Did not explain WHY encapsulation is beneficial (e.g., data hiding, maintainability, reducing coupling); No mention of information hiding as a principle; Did not mention that encapsulation allows internal implementation to change without affecting external code",5827,2026-05-12T16:38:31.476160,
claude_sonnet_rag_run2,claude-sonnet-4-6,rag,16,Core Java,What are lambda expressions introduced in Java 8?,"A lambda is a shorthand notation for an anonymous method. The syntax is parameters, arrow, and body: (x) -> x * 2. It allows writing shorter code instead of anonymous inner classes.",partial,partial,0.7,correct,False,"The candidate demonstrates a basic understanding of lambda expressions with a correct syntax example and the connection to anonymous inner classes. However, the answer lacks depth regarding the key purpose of lambdas — enabling behavior to be passed as arguments and treating functions as first-class citizens. Mentioning functional interfaces would have strengthened the answer significantly.","Correctly identifies lambda as shorthand for anonymous methods; Provides correct syntax example with parameters, arrow, and body; Mentions the relationship to anonymous inner classes","Did not mention that lambdas allow treating code/behavior as data; Did not mention passing functions as arguments to methods (functional programming concept); Did not mention functional interfaces, which lambdas are tied to; No mention of the broader context of enabling functional programming style in Java",5295,2026-05-12T16:38:37.072432,
claude_sonnet_rag_run2,claude-sonnet-4-6,rag,17,Core Java,What is the String Pool in Java?,The String Pool is an area in stack memory where the JVM stores string literals. This way two Strings with the same value point to the same object and we save memory.,wrong,low,0.4,partial,False,"The candidate demonstrates a basic understanding of the String Pool concept — knowing it stores literals and enables object reuse for memory efficiency. However, there is a significant factual error: the String Pool resides in Heap memory, not stack memory. This is an important distinction. The candidate also missed several key details such as the role of the intern() method, the behavior of strings created with 'new', and the connection to String immutability.",Correctly identifies that the String Pool stores string literals; Correctly mentions that two Strings with the same value point to the same object; Correctly mentions memory saving as a benefit,"The String Pool is located in the Heap memory (specifically in the PermGen space in older Java versions, or Metaspace/Heap in Java 8+), NOT in the stack memory; The intern() method, which allows programmatically adding strings to the pool; Strings created with 'new' keyword bypass the pool and create a new object on the heap; String immutability is what makes the String Pool possible and safe",7747,2026-05-12T16:38:45.120848,
claude_sonnet_rag_run2,claude-sonnet-4-6,rag,18,Core Java,What is varargs in Java?,Varargs allows passing exactly one argument of a given type to a method without creating an array. The ... notation is used in the method signature.,wrong,low,0.2,low,True,"The candidate has a fundamental misunderstanding of varargs — stating it allows 'exactly one argument' is incorrect. Varargs (variable arguments) allows passing zero or more arguments of a specified type. The key concept is variability in the number of arguments. The candidate correctly identified the '...' notation but failed to explain the core purpose and mechanics, including that varargs is internally represented as an array, must be the last parameter in a method signature, and only one varargs parameter is allowed per method.",Correctly identifies the ... notation used in method signatures,"Varargs allows passing a variable number of arguments (zero or more), not exactly one; Varargs is internally treated as an array by the JVM; Only one varargs parameter is allowed per method and it must be the last parameter; Callers can pass zero, one, or multiple arguments, or even an array directly; Example of varargs method declaration and usage",5524,2026-05-12T16:38:50.945317,
claude_sonnet_rag_run2,claude-sonnet-4-6,rag,19,OOP,Can you instantiate an abstract class?,"Yes, you can create objects of abstract classes using new, but only if you implement all abstract methods inside the constructor.",wrong,low,0.1,low,True,"The candidate's answer is technically incorrect. Abstract classes cannot be instantiated directly using the 'new' keyword — this will result in a compile-time error in Java. The candidate's claim that you can use 'new' and implement abstract methods inside the constructor is fundamentally wrong and shows a misunderstanding of how abstract classes work. The only valid way to 'instantiate' an abstract class is through an anonymous class, where all abstract methods are implemented inline at the point of object creation.",,Abstract classes cannot be directly instantiated using the new keyword; Anonymous class instantiation as the only valid workaround; The distinction between direct instantiation and anonymous class creation,3970,2026-05-12T16:38:55.216540,
claude_sonnet_rag_run2,claude-sonnet-4-6,rag,20,OOP,What is the difference between aggregation and composition?,In composition objects can exist independently — for example a department and its professors. In aggregation the child object is destroyed along with the parent — for example a building and its rooms.,wrong,low,0.2,low,True,"The candidate has the definitions of aggregation and composition completely reversed. In composition, the child object's lifecycle is tightly bound to the parent — if the parent is destroyed, the child is also destroyed (e.g., a building and its rooms). In aggregation, the child can exist independently of the parent (e.g., a department and its professors — professors can exist without the department). The examples used were actually correct for the concepts, but were assigned to the wrong terms, indicating a fundamental misunderstanding of the distinction.",Candidate attempted to provide examples to illustrate the concepts,"The definitions of aggregation and composition are swapped — in composition the child cannot exist without the parent (strong ownership), while in aggregation the child can exist independently (weak relationship); Correct definition of composition: child object's lifecycle is dependent on the parent (e.g., building and rooms — rooms cannot exist without the building); Correct definition of aggregation: child object can exist independently of the parent (e.g., department and professors — professors can exist without the department); UML representation differences (composition uses filled diamond, aggregation uses hollow diamond); The concept of ownership and lifecycle dependency was fundamentally misunderstood and reversed",7285,2026-05-12T16:39:02.802015,
claude_sonnet_rag_run2,claude-sonnet-4-6,rag,21,OOP,What is the Open/Closed Principle?,OCP means that once written code should never be modified. Closed for modification means that classes are final and cannot be inherited from.,wrong,low,0.15,low,True,"The candidate has a fundamental misunderstanding of OCP. The principle states that software entities should be open for extension but closed for modification — meaning you should be able to add new functionality by extending existing code (e.g., via interfaces or inheritance) rather than changing it. The candidate incorrectly equates 'closed for modification' with making classes final, which is the opposite of how OCP is typically implemented. A correct answer would include examples like using interfaces or abstract classes to allow new implementations without altering existing code.",Candidate is aware that OCP involves the concept of being 'closed for modification',"OCP means open for EXTENSION, not just closed for modification — the key idea is that you can add new behavior without changing existing code; Closed for modification does NOT mean classes must be final or cannot be inherited — it means existing tested code should not need to change when adding new features; The principle is typically achieved through abstraction, interfaces, and polymorphism; The candidate's definition is incorrect: code CAN and SHOULD be modified for bug fixes; OCP is about extending behavior without modifying existing stable code; No mention of how inheritance, interfaces, or abstract classes are used to achieve OCP",7292,2026-05-12T16:39:10.394724,
claude_sonnet_rag_run2,claude-sonnet-4-6,rag,22,Core Java,What is a functional interface?,A functional interface is one that has many abstract methods but one main one. The @FunctionalInterface annotation identifies that main method which will be used by a lambda.,wrong,low,0.2,low,True,"The candidate has a fundamental misunderstanding: a functional interface must have exactly one abstract method — not many. Having more than one abstract method would make it invalid as a functional interface. The @FunctionalInterface annotation is applied to the interface declaration as a marker/enforcement mechanism, not to identify a specific method. The candidate should revisit the core definition before the interview.",Mentions @FunctionalInterface annotation; Connects functional interfaces to lambda expressions,"A functional interface has EXACTLY ONE abstract method, not 'many abstract methods but one main one'; The @FunctionalInterface annotation does not identify the main method — it marks the interface itself and enforces the single abstract method constraint at compile time; No mention of default or static methods being allowed alongside the single abstract method",5053,2026-05-12T16:39:15.749220,
claude_sonnet_rag_run2,claude-sonnet-4-6,rag,23,Core Java,What is the Garbage Collector and how does it work?,The GC works on the stack and removes local variables that have gone out of scope after a method ends. This allows memory to be freed automatically.,wrong,low,0.1,low,True,"The candidate's answer contains a fundamental misconception: the Garbage Collector does NOT operate on the Stack. The Stack automatically manages local variables through stack frame push/pop operations when methods are called and return — no GC involvement is needed. The GC operates on the Heap, where objects are allocated. The candidate should study how GC identifies unreachable objects (mark phase), reclaims their memory (sweep/compact phase), and how generational GC works in the JVM. This is a critical misunderstanding for a Java developer role.",Candidate understands that GC is related to automatic memory management,"GC operates on the Heap, not the Stack — the Stack manages local variables automatically via stack frames, not GC; GC identifies and collects objects that are no longer reachable/referenced; Generational garbage collection (Young Generation, Old Generation, PermGen/Metaspace); GC algorithms such as Mark-and-Sweep, Copying, Mark-and-Compact; Different GC implementations in JVM: Serial, Parallel, G1, ZGC, Shenandoah; The role of GC roots in determining reachability; Stop-the-world pauses and their impact on application performance; finalize() method and its deprecation; Memory allocation in Eden space and survivor spaces",7753,2026-05-12T16:39:23.803803,
claude_sonnet_rag_run2,claude-sonnet-4-6,rag,24,Core Java,What is the difference between map() and flatMap() in the Stream API?,"flatMap() transforms each element of the stream into exactly one other element. map() on the other hand allows flattening nested structures, for example Stream<List<String>> to Stream<String>.",wrong,low,0.2,low,True,"The candidate has the definitions of map() and flatMap() completely reversed. map() is the operation that transforms each element to exactly one other element (one-to-one mapping), while flatMap() is used for flattening nested structures by mapping each element to a stream and then merging those streams. This is a fundamental misunderstanding of the two methods. The example given (Stream<List<String>> to Stream<String>) is correct for flatMap(), but it was incorrectly attributed to map(). The candidate should review the Stream API documentation to understand the correct behavior of each method.",The candidate is aware that both map() and flatMap() are related to stream transformation; The candidate mentions the concept of flattening nested structures like Stream<List<String>> to Stream<String>,"The definitions of map() and flatMap() are swapped — map() transforms each element to exactly one other element, while flatMap() flattens nested structures; map() returns a Stream<R> where each element is mapped to a single result via a Function<T, R>; flatMap() takes a Function<T, Stream<R>> and flattens the resulting streams into a single stream; The key distinction that map() produces Stream<Stream<R>> when applied to collections, while flatMap() merges them into a single Stream<R>; Practical use cases and examples of when to use each method",6665,2026-05-12T16:39:30.769560,
claude_sonnet_rag_run2,claude-sonnet-4-6,rag,25,Core Java,What is the Garbage Collector and how does it work?,"The Garbage Collector is a very important mechanism in Java that automatically manages application memory in an efficient and transparent way for the programmer, ensuring optimal system performance and eliminating memory-related problems.",waffle,low,0.1,low,True,"The candidate's answer is extremely vague and contains no concrete technical details. While it correctly states that GC handles automatic memory management, it fails to explain any mechanism of how GC actually works — no mention of heap structure, generational collection, reachability analysis, GC algorithms, or any specific GC implementation. The answer reads more like a marketing description than a technical explanation. A junior developer is expected to at least describe the basic concept of unreachable objects, heap generations, and the mark-and-sweep process.",Correctly identifies that Garbage Collector is related to automatic memory management in Java,"How GC identifies objects eligible for collection (unreachable objects, no references); Heap memory structure (Young Generation, Old Generation, Eden space, Survivor spaces); GC algorithms (Mark and Sweep, Mark-Compact, Copying); Different GC implementations (Serial, Parallel, G1, ZGC, Shenandoah); Minor GC vs Major GC / Full GC; Stop-the-world pauses; finalize() method and its role; How objects are promoted between generations; Memory leak scenarios even with GC",7476,2026-05-12T16:39:38.546579,
claude_sonnet_rag_run2,claude-sonnet-4-6,rag,26,OOP,What is encapsulation?,"Encapsulation is a very important principle of object-oriented programming that allows writing better organised, clean, and secure code through proper structuring of classes and their members.",waffle,low,0.15,low,True,"The candidate's answer is too vague and generic. While it correctly places encapsulation within OOP, it fails to provide any concrete technical details. A proper answer should explain that encapsulation involves bundling data (fields) and methods that operate on that data within a single class, restricting direct access to fields using access modifiers like 'private', and exposing controlled access through public getter and setter methods. The answer reads more like a marketing statement than a technical definition.",Correctly identifies encapsulation as a principle of object-oriented programming,"No mention of bundling data (fields) and methods together in a class; No mention of access modifiers (private, protected, public); No explanation of hiding internal state/implementation details; No mention of getters and setters as the mechanism to control access; No concrete example demonstrating encapsulation in Java; No explanation of why encapsulation improves security or maintainability",5429,2026-05-12T16:39:44.276948,
claude_sonnet_rag_run2,claude-sonnet-4-6,rag,27,Core Java,What are lambda expressions?,"Lambda expressions are a modern feature introduced in Java 8 that greatly simplifies code and makes it more elegant, concise, and easier to maintain for developers.",waffle,low,0.1,low,True,"The answer is extremely vague and contains no technical substance. While the candidate correctly mentions Java 8, they only describe lambda expressions in general marketing terms ('elegant', 'concise', 'easier to maintain') without explaining what they actually are. A proper answer should include the definition as anonymous methods, the syntax (parameters) -> { body }, and the concept of passing behavior as arguments.",Correctly identifies lambda expressions as a Java 8 feature,Definition as anonymous method/function; Syntax: (parameters) -> { method body }; Treating code/behavior as data; Passing functions as arguments to methods; Functional interfaces connection; Any concrete technical detail about how lambdas work,5320,2026-05-12T16:39:49.897970,
claude_sonnet_rag_run2,claude-sonnet-4-6,rag,28,OOP,What is the Open/Closed Principle?,OCP is a principle of good software design that says classes should be well designed from the start so that they do not need to be modified in the future and the system remains scalable.,waffle,low,0.2,low,True,"The candidate's answer is vague and misses the fundamental definition of OCP. OCP states that a class should be open for extension but closed for modification — meaning you should be able to add new behavior without changing existing code. The candidate's answer incorrectly implies that classes should simply be 'well designed from the start' to avoid future changes, which is not what OCP means. No mention of extension vs modification, interfaces, or inheritance was made.",Candidate is aware that OCP relates to software design and scalability,"The core definition: open for extension, closed for modification; The distinction between extending behavior (open) vs modifying existing code (closed); Practical examples such as using inheritance, interfaces, or abstract classes to achieve OCP; The reason OCP matters: avoiding breaking existing tested code when adding new features",5373,2026-05-12T16:39:55.572233,
claude_sonnet_rag_run2,claude-sonnet-4-6,rag,29,OOP,What is abstraction in object-oriented programming?,Abstraction means hiding things from the user that are not relevant to them and showing only what is important. This makes the code simpler to use.,waffle,low,0.35,partial,False,"The candidate has a basic intuitive understanding of abstraction but the answer lacks technical depth expected even for a junior developer. A stronger answer would reference Java-specific constructs like abstract classes and interfaces, explain how abstraction separates 'what' an object does from 'how' it does it, and provide a concrete example. The answer is too surface-level to demonstrate solid OOP knowledge.",Correctly identifies the core idea of hiding irrelevant details; Mentions the benefit of simplicity for the user,"No mention of abstract classes or interfaces in Java as mechanisms for abstraction; Did not distinguish abstraction from encapsulation; No concrete example provided (e.g., a car's steering wheel hiding engine complexity); Did not mention that abstraction defines a contract or blueprint without implementation details; No mention of how abstraction helps in managing complexity in large systems",5664,2026-05-12T16:40:01.536672,
claude_sonnet_rag_run2,claude-sonnet-4-6,rag,30,Core Java,What is the difference between an Error and an Exception?,These are two different types of problems that can occur in a Java application. Both are part of the JVM error handling system and should be handled appropriately by the programmer depending on the situation and project requirements.,waffle,low,0.1,low,True,"The answer is extremely vague and lacks any concrete technical details. The candidate did not mention the Throwable hierarchy, the distinction between recoverable and unrecoverable problems, checked vs unchecked exceptions, or any specific examples. Simply stating they are 'two different types of problems' without elaboration demonstrates very limited understanding of this fundamental Java concept.",Acknowledges that both Error and Exception are part of Java's problem-handling mechanism,"Both Error and Exception extend Throwable class; Errors represent serious, unrecoverable problems (e.g., OutOfMemoryError, StackOverflowError) typically caused by the JVM or environment; Exceptions represent recoverable conditions that a program should handle; Checked vs unchecked exceptions distinction; Errors are generally not meant to be caught or handled by application code; Examples of each: IOException, NullPointerException for exceptions; OutOfMemoryError, StackOverflowError for errors; The class hierarchy: Throwable -> Error / Exception",5805,2026-05-12T16:40:07.643019,
claude_sonnet_rag_run2,claude-sonnet-4-6,rag,31,Core Java,What are the access modifiers in Java and how do they differ?,"Access modifiers are a very important part of the Java language that allows programmers to control the visibility and accessibility of code elements in an appropriate way, which is key for security and good application architecture.",waffle,low,0.1,low,True,"The candidate provided only a vague, high-level description of what access modifiers are used for, without naming or explaining any of the four actual modifiers (public, protected, default/package-private, private). A complete answer should enumerate all four modifiers and clearly describe their visibility scope: private (same class only), default (same package), protected (same package + subclasses), and public (everywhere). The answer lacks all technical specifics required for this question.",Candidate understands the general purpose of access modifiers (controlling visibility and accessibility),"Did not name any of the four access modifiers: public, protected, default (package-private), and private; No explanation of the scope/visibility differences between each modifier; No mention of class-level vs member-level access; No explanation of package-level access; No mention of inheritance and how protected differs from default; No concrete examples or comparison table of access levels",5734,2026-05-12T16:40:13.677301,
claude_sonnet_rag_run2,claude-sonnet-4-6,rag,32,OOP,What is the difference between aggregation and composition?,Aggregation and composition are two types of relationships between objects in object-oriented programming. They differ in the strength of the coupling between objects and have different use cases depending on how objects are related in a given system.,waffle,low,0.1,low,True,"The answer is extremely vague and provides no concrete technical details. The candidate only restates the question in different words without explaining the actual difference. A proper answer should explain that composition implies strong ownership and lifecycle dependency (the child cannot exist without the parent), while aggregation implies a weaker relationship where the child can exist independently. Concrete examples and ideally code snippets would demonstrate real understanding.",Candidate correctly identifies that aggregation and composition are types of relationships between objects in OOP; Mentions that they differ in strength of coupling,"No explanation of composition as a 'has-a' relationship with strong ownership (child cannot exist without parent); No explanation of aggregation as a 'has-a' relationship with weak ownership (child can exist independently); No mention of lifecycle dependency: in composition, the child object's lifecycle is tied to the parent; in aggregation it is not; No concrete examples (e.g., Car and Engine for composition; University and Professor for aggregation); No mention that in composition the contained object is typically created and destroyed by the container; No code examples or UML notation differences",6528,2026-05-12T16:40:20.506449,
claude_sonnet_rag_run2,claude-sonnet-4-6,rag,33,Core Java,What is the difference between the == operator and the equals() method?,"It depends on the context and the types being used. In some situations both behave the same way, in others differently. You need to check the documentation for the specific class.",evasive,low,0.1,low,True,"The candidate's answer is extremely vague and demonstrates no concrete understanding of the difference between == and equals(). The response avoids any technical explanation and incorrectly suggests the behavior is context-dependent in a way that implies uncertainty rather than knowledge. A correct answer should clearly state that == compares object references (memory addresses) while equals() compares object content/logical equality, and that for primitives == compares values. The candidate should also mention that equals() can be overridden to define custom equality logic, as done in String and other wrapper classes.",,"== compares object references (memory addresses), not content; equals() compares the logical/content equality of objects; For primitive types, == compares values directly; String literal pool behavior and how == can return true for interned strings; Default equals() in Object class behaves like == (reference comparison); Overriding equals() in classes like String, Integer to compare content; Practical example demonstrating the difference (e.g., new String vs string literal)",6719,2026-05-12T16:40:27.526471,
claude_sonnet_rag_run2,claude-sonnet-4-6,rag,34,Core Java,What is the Stream API?,"I have used the Stream API in several projects and it works very well for processing collections. It is hard for me to explain exactly in words, but in practice I know how to use it.",evasive,low,0.1,low,True,"The candidate only mentioned having practical experience but provided no technical explanation of what the Stream API is. A junior developer is expected to at least describe that Stream API is a Java 8 feature for processing collections in a functional style, mention some common operations (filter, map, collect, etc.), and explain the concept of a pipeline with intermediate and terminal operations. Claiming to know something in practice without being able to explain it is insufficient for a technical interview.",Candidate has practical experience using Stream API,"Definition of Stream API as a functional-style API for processing sequences of elements; Introduced in Java 8; Difference between intermediate and terminal operations; Lazy evaluation concept; Common operations such as filter, map, reduce, collect, forEach; Streams do not modify the original data source; Support for parallel streams; Pipeline concept in Stream API",5423,2026-05-12T16:40:33.250539,
claude_sonnet_rag_run2,claude-sonnet-4-6,rag,35,Core Java,What does the synchronized keyword mean?,synchronized is used in multithreading when we have multiple threads. It ensures that the code works correctly in such situations.,evasive,low,0.2,low,True,"The answer is too vague and lacks any concrete technical detail. The candidate only states that synchronized is used in multithreading and 'ensures code works correctly', which is not a meaningful technical explanation. A proper answer should explain that synchronized enforces mutual exclusion by allowing only one thread at a time to acquire the intrinsic lock of an object and execute the synchronized block or method, preventing race conditions and ensuring memory visibility between threads.",Correctly associates synchronized with multithreading; Mentions multiple threads context,Mutual exclusion / only one thread can execute synchronized block/method at a time; Monitor/lock mechanism - every object has an intrinsic lock; Visibility guarantee - changes made in synchronized block are visible to other threads; Can be applied to methods (instance and static) and code blocks; Prevents race conditions and data inconsistency; Performance implications due to lock acquisition,5656,2026-05-12T16:40:39.207593,
claude_sonnet_rag_run2,claude-sonnet-4-6,rag,36,Core Java,What is Optional and what problem does it solve?,Optional is a class that helps with nulls. You wrap an object in it and then you can operate on it.,evasive,low,0.2,low,True,"The answer is extremely vague and lacks any meaningful technical depth. While the candidate correctly identifies that Optional relates to null handling and wrapping objects, they provide no details about how it works, what specific problem it solves (NullPointerException), its key methods, or how it should be used in practice. A junior developer is expected to know at least the basic API and the core motivation behind Optional.",Correctly identifies Optional as a class; Mentions it relates to null handling; Mentions wrapping an object,"Optional was introduced in Java 8; It is a container object that may or may not contain a non-null value; It solves the NullPointerException problem explicitly; Key methods: isPresent(), get(), orElse(), orElseGet(), orElseThrow(), ifPresent(), map(), flatMap(), filter(); It forces the caller to explicitly handle the case where a value may be absent; It is used as a return type to signal that a method may not return a value; Difference between Optional.of(), Optional.ofNullable(), and Optional.empty(); It improves code readability and makes null-handling intent explicit",7340,2026-05-12T16:40:46.849281,
claude_sonnet_rag_run2,claude-sonnet-4-6,rag,37,OOP,What is the Single Responsibility Principle?,"SRP means that a class should do one thing. For example, a UserService class should deal with users and not with something else.",evasive,low,0.3,partial,False,"The candidate demonstrates a very basic understanding of SRP but lacks depth. The answer is superficial — simply saying 'a class should do one thing' without elaborating on the formal definition (a class should have only one reason to change), the benefits, or a meaningful example showing a violation and its refactoring. For a Junior Developer position, a stronger answer would include the 'reason to change' concept and at least one concrete example demonstrating the principle in practice.",Correctly identifies that SRP means a class should have one responsibility; Provides a basic example with UserService,"No mention that a class should have only one reason to change (Robert C. Martin's formal definition); No explanation of why SRP is important (maintainability, testability, reduced coupling); No concrete example showing what violates SRP vs what follows it; No mention of cohesion concept; No discussion of how SRP applies beyond just classes (methods, modules)",6230,2026-05-12T16:40:53.380896,
claude_sonnet_rag_run2,claude-sonnet-4-6,rag,38,Core Java,What is the difference between map() and flatMap() in the Stream API?,"I have used both in projects and I know when to use one versus the other, but it is hard for me to explain it precisely. In practice flatMap() is used for more complex cases.",evasive,low,0.1,low,True,"The candidate provided no technical explanation whatsoever. Simply stating that flatMap() is used for 'more complex cases' without any elaboration demonstrates a lack of understanding of the core concepts. A Junior Developer is expected to explain that map() performs a one-to-one transformation while flatMap() flattens nested structures (e.g., Stream<List<T>> into Stream<T>). The candidate should study the Stream API documentation and practice with concrete examples.",Candidate acknowledges practical experience with both methods,"map() transforms each element to exactly one output element (1-to-1 mapping); flatMap() transforms each element to zero or more elements by flattening nested streams (1-to-many mapping); map() returns Stream<Stream<T>> when the mapping function returns a Stream, while flatMap() flattens it to Stream<T>; flatMap() is used to handle nested collections or Optional values; Concrete examples such as splitting strings into words or flattening lists of lists",5883,2026-05-12T16:40:59.565024,
claude_sonnet_rag_run2,claude-sonnet-4-6,rag,39,Core Java,What is the String Pool in Java?,The String Pool is an optimisation mechanism in Java. The idea is that the JVM somehow stores Strings to save memory. The exact details depend on the JVM implementation.,evasive,low,0.2,low,True,"The answer is too vague and lacks concrete technical details. While the candidate correctly identifies the String Pool as an optimization for memory saving, they fail to explain how it actually works: that string literals are stored in a special area of heap memory, that the JVM reuses existing String objects when the same literal is used multiple times, the role of the intern() method, or the difference between string literals and strings created with 'new'. Saying 'the exact details depend on the JVM implementation' suggests the candidate is unsure and trying to avoid specifics. A junior developer should be able to explain the basic mechanics of the String Pool.",Correctly identifies the String Pool as an optimization mechanism; Mentions memory saving as the purpose,"String Pool is located in the heap memory (PermGen in older JVMs, heap in Java 8+); String literals are automatically interned/stored in the pool; When a String literal is created, JVM checks the pool first to reuse existing instances; The intern() method can be used to manually add strings to the pool; Strings created with 'new' keyword bypass the pool unless intern() is called; String immutability is what makes the pool possible and safe; Reference equality (==) vs value equality (.equals()) behavior with pooled strings",7517,2026-05-12T16:41:07.382917,
claude_sonnet_rag_run2,claude-sonnet-4-6,rag,40,OOP,Can you instantiate an abstract class?,"It depends on what we mean by instantiation. In certain cases it is possible to obtain a working object based on an abstract class, although direct use of new may not be possible.",evasive,low,0.2,low,True,"The answer is too vague and lacks technical depth. The candidate avoids giving a clear answer and does not mention the key concepts: that 'new AbstractClass()' is explicitly forbidden by the compiler, and that anonymous classes are the way to create an object that is based on an abstract class while providing implementations for abstract methods inline. The phrasing 'it depends' without any concrete elaboration is not acceptable for a technical interview.",Candidate hints at the nuance that there may be indirect ways to work with abstract classes,Explicit statement that direct instantiation with 'new' keyword is forbidden/not allowed; Anonymous class as the mechanism to obtain an object based on an abstract class; No concrete technical details or examples provided,5067,2026-05-12T16:41:12.750812,
