experiment_id,model,test_id,topic,question,candidate_answer,human_label,expected_bucket,llm_score,predicted_bucket,match,feedback,strengths,missed_concepts,latency_ms,timestamp,error
claude_sonnet_en_run1,claude-sonnet-4-6,1,Core Java,What is the difference between the == operator and the equals() method?,"The == operator compares references — it checks whether two objects point to the same memory location. The equals() method compares the values of objects. For primitive types like int or char, == compares values because primitives have no references.",correct,correct,0.85,correct,True,"The candidate demonstrates a solid basic understanding of the difference between == and equals(). The explanation is accurate and covers the key distinction. However, the answer would be stronger by mentioning that equals() in the base Object class also compares references by default, and that classes like String override it to compare content. Mentioning the importance of overriding equals() in custom classes would show deeper understanding.",Correctly explains that == compares references (memory locations) for objects; Correctly explains that equals() compares values/content of objects; Correctly notes that == compares values for primitive types,"Did not mention that equals() by default (in Object class) also compares references, and needs to be overridden to compare values; No example given of a class that overrides equals() such as String; Did not mention the contract/consistency between equals() and hashCode()",5595,2026-05-12T10:08:02.894567,
claude_sonnet_en_run1,claude-sonnet-4-6,2,Core Java,What is Optional and what problem does it solve?,"Optional is a container that may or may not hold a value. It was introduced in Java 8 to reduce NullPointerExceptions — instead of returning null from a method, we return an Optional and force the caller to explicitly handle the absence of a value using isPresent(), orElse(), or map().",correct,correct,0.85,correct,True,"Good, concise answer that covers the core concept well. The candidate demonstrates solid understanding of what Optional is, why it was introduced, and how to use it with practical method examples. To improve, the candidate could mention factory methods for creating Optional instances and additional utility methods like orElseThrow() or ifPresent().","Correctly identifies Optional as a container that may or may not hold a value; Correctly states it was introduced in Java 8; Correctly identifies the main problem it solves: reducing NullPointerExceptions; Mentions the key use case of returning Optional instead of null; Lists concrete methods: isPresent(), orElse(), and map()","Could mention orElseThrow() as another important method; Could mention ifPresent() for consuming the value if present; No mention of Optional.of(), Optional.ofNullable(), or Optional.empty() factory methods; Could elaborate on how it makes the API contract more explicit by signaling that a value may be absent",5719,2026-05-12T10:08:08.915039,
claude_sonnet_en_run1,claude-sonnet-4-6,3,Core Java,What does the synchronized keyword mean?,synchronized locks access to a method or code block so that only one thread can execute it at a time. This prevents race conditions — situations where two threads simultaneously modify the same variable and the result depends on the order of execution.,correct,correct,0.85,correct,True,"The candidate provides a solid, correct, and practical explanation of the synchronized keyword. The answer covers the core purpose well and correctly ties it to race conditions. However, for a more complete answer, the candidate could have mentioned the underlying monitor/intrinsic lock mechanism, memory visibility guarantees, and the distinction between synchronizing on instance vs. class level. Overall, a good foundational understanding is demonstrated.",Correctly explains that synchronized restricts access to one thread at a time; Accurately describes the concept of race conditions; Mentions both methods and code blocks as applicable targets; Explains the practical consequence of race conditions (result depends on execution order),No mention of the intrinsic lock/monitor object that synchronized uses internally; Did not mention that synchronized also ensures memory visibility (happens-before relationship); No mention of the difference between instance-level and class-level (static) synchronization; Did not mention potential performance implications or deadlock risks,6527,2026-05-12T10:08:15.743597,
claude_sonnet_en_run1,claude-sonnet-4-6,4,Core Java,What is the Garbage Collector and how does it work?,The GC is a JVM mechanism that automatically frees heap memory occupied by objects that no longer have any live references. It runs in the background and is triggered by the JVM — the programmer does not need to manually deallocate memory as in C++.,correct,correct,0.55,partial,False,"The candidate provides a basic and correct high-level definition of the Garbage Collector, but lacks technical depth expected even for a Junior Java Developer. The answer covers the 'what' but barely touches the 'how'. A stronger answer would describe generational GC, the mark-and-sweep process, Stop-the-World events, and at least mention some GC implementations available in the JVM. The answer is a good starting point but needs significantly more detail to demonstrate solid understanding.",Correctly identifies GC as a JVM mechanism; Correctly states it frees heap memory; Mentions objects with no live references are collected; Correctly notes it runs in the background automatically; Good comparison to manual memory management in C++,"No mention of generational garbage collection (Young, Old/Tenured, Metaspace generations); No explanation of GC phases (Mark, Sweep, Compact); No mention of specific GC algorithms (Serial, Parallel, G1, ZGC, Shenandoah); No discussion of Stop-the-World pauses; No mention of how objects move between generations (Eden, Survivor spaces); No mention of GC roots and reachability analysis; No mention of finalization or weak/soft/phantom references",7420,2026-05-12T10:08:23.464694,
claude_sonnet_en_run1,claude-sonnet-4-6,5,Core Java,What is a functional interface?,A functional interface has exactly one abstract method. This allows it to be used as a target type for a lambda. We can annotate it with @FunctionalInterface so the compiler enforces this requirement. It may have any number of default and static methods.,correct,correct,1.0,correct,True,"The candidate provided a complete and accurate answer covering all key aspects of functional interfaces: the single abstract method requirement, lambda expression compatibility, the @FunctionalInterface annotation, and the allowance of default/static methods. The answer is concise and technically correct.",Correctly identified that a functional interface has exactly one abstract method; Mentioned lambda expressions as target types; Correctly noted the @FunctionalInterface annotation and its compiler enforcement role; Correctly stated that default and static methods are allowed in any number,,3541,2026-05-12T10:08:27.307088,
claude_sonnet_en_run1,claude-sonnet-4-6,6,Core Java,What are the access modifiers in Java and how do they differ?,Java has four access modifiers: public — visible everywhere; protected — visible within the same package and in subclasses; package-private (no keyword) — visible only within the package; private — visible only within the same class.,correct,correct,0.95,correct,True,"The candidate provided a solid and accurate answer covering all four access modifiers with correct visibility scopes. The answer demonstrates a good understanding of Java access control. Minor gaps include not mentioning that protected access also includes the class itself, and not discussing where modifiers can be applied. Overall, this is a strong answer for a Junior Java Developer position.",Correctly identified all four access modifiers in Java; Accurately described the visibility scope for each modifier; Mentioned the 'no keyword' (package-private) case which many candidates miss; Clear and concise explanation,"Could have mentioned that protected also allows access within the same class; No mention of where these modifiers can be applied (classes, methods, fields); Did not mention that top-level classes can only be public or package-private",5537,2026-05-12T10:08:33.144752,
claude_sonnet_en_run1,claude-sonnet-4-6,7,OOP,What is the Open/Closed Principle?,"OCP states that classes should be open for extension but closed for modification. This means new behaviour is added by implementing an interface or through inheritance, not by changing existing code. A classic example is the Strategy pattern — instead of adding if-else branches to a class, we create a new implementation of an interface.",correct,correct,0.95,correct,True,"Excellent answer. The candidate demonstrates a clear and accurate understanding of the Open/Closed Principle, including its definition, practical application, and a concrete design pattern example. The answer is concise yet technically complete. Minor improvements could include mentioning the broader SOLID context and the motivation behind avoiding modification (e.g., stability, avoiding regressions).",Correctly defines OCP as open for extension but closed for modification; Explains the practical implication of adding behavior through interfaces or inheritance; Provides a concrete and relevant example using the Strategy pattern; Correctly identifies that OCP avoids adding if-else branches to existing code,"Could mention that OCP is part of the SOLID principles; Could elaborate on why modifying existing code is risky (e.g., risk of breaking existing functionality, regression)",5288,2026-05-12T10:08:38.733219,
claude_sonnet_en_run1,claude-sonnet-4-6,8,OOP,What is abstraction in object-oriented programming?,"Abstraction is about hiding implementation details and exposing only the interface. In Java it is achieved through abstract classes and interfaces. We focus on 'what' an object does rather than 'how' it does it — for example, Collections.sort() — I don't know how it sorts internally, but I know how to use it.",correct,correct,0.85,correct,True,"The candidate demonstrates a solid understanding of abstraction with a clear definition and a good real-world example. The answer covers the core concept well. To improve, the candidate could elaborate on the distinction between abstract classes and interfaces as abstraction tools, and possibly touch on how abstraction relates to encapsulation. Overall, a competent answer for a Junior Java Developer level.","Correctly defines abstraction as hiding implementation details and exposing only the interface; Mentions both abstract classes and interfaces as Java mechanisms for abstraction; Clearly articulates the 'what vs how' distinction; Provides a practical, relatable example with Collections.sort()",Did not mention access modifiers as part of abstraction mechanism; Did not elaborate on the difference between abstract classes and interfaces in terms of abstraction; Could have mentioned encapsulation's relationship to abstraction,4989,2026-05-12T10:08:44.023379,
claude_sonnet_en_run1,claude-sonnet-4-6,9,Core Java,"What is the difference between String, StringBuilder, and StringBuffer?","String is immutable — every change creates a new object. StringBuilder and StringBuffer are mutable, so they are faster when making multiple modifications. Both are used in a similar way.",partial,partial,0.55,partial,True,"The candidate demonstrates a basic understanding of the immutability of String and the mutability of StringBuilder and StringBuffer, but misses the critical distinction between StringBuilder and StringBuffer — namely thread safety. StringBuffer is synchronized (thread-safe) while StringBuilder is not, making StringBuilder faster in single-threaded contexts. This is the key differentiator between the two mutable classes and is essential knowledge for a Java developer. The answer needs more depth to be considered complete.",Correctly identifies String as immutable; Correctly identifies StringBuilder and StringBuffer as mutable; Mentions performance benefit of mutable classes for multiple modifications,"No mention that StringBuffer is thread-safe (synchronized) while StringBuilder is not; No mention that StringBuilder is faster than StringBuffer due to lack of synchronization overhead; No mention of use cases: StringBuilder for single-threaded, StringBuffer for multi-threaded environments; No mention that String immutability means it is stored in the String pool; No explanation of how String concatenation with '+' creates new objects each time",7408,2026-05-12T10:08:51.732443,
claude_sonnet_en_run1,claude-sonnet-4-6,10,Core Java,What is the Stream API?,"The Stream API is used for processing collections. It allows filtering, sorting, and mapping elements. It has been available since Java 8.",partial,partial,0.4,partial,True,"The candidate provides a very basic and surface-level description of the Stream API. While the answer is technically correct in what it states, it lacks depth and misses several important concepts such as the distinction between intermediate and terminal operations, lazy evaluation, the pipeline/chaining model, immutability of the source, and parallel stream support. For a Junior Java Developer position, a more detailed understanding is expected.","Correctly identifies Stream API as used for processing collections; Mentions key operations: filtering, sorting, and mapping; Correctly states it was introduced in Java 8","No mention of lazy evaluation / lazy execution of intermediate operations; No distinction between intermediate operations (filter, map, sorted) and terminal operations (collect, forEach, reduce); No mention that streams do not modify the original data source; No mention of functional programming / declarative style; No mention of parallel streams and parallel processing capability; No mention that a stream can only be consumed once; No mention of method chaining / pipeline concept",6988,2026-05-12T10:08:59.022991,
claude_sonnet_en_run1,claude-sonnet-4-6,11,OOP,What is the Single Responsibility Principle?,SRP says that a class should do only one thing. It should not mix business logic with database access.,partial,partial,0.4,partial,True,"The candidate gives a basic and partially correct answer — understanding that a class should 'do only one thing' is the surface-level idea of SRP. However, the more precise definition is that a class should have only one *reason to change*, which is a subtly different and more powerful concept. The answer lacks depth: no mention of SOLID principles, no discussion of cohesion, maintainability, or testability benefits, and only one brief example. For a Junior Developer, this answer shows minimal awareness but lacks the technical depth expected.",Correctly identifies that SRP means a class should have only one responsibility; Provides a practical example distinguishing business logic from database access,The formal definition: a class should have only one reason to change; The concept of 'reason to change' as the core of SRP; Mention of Robert C. Martin (Uncle Bob) who formalized this principle; SRP is part of the SOLID principles; Explanation of how SRP improves maintainability and testability; More concrete examples of SRP violations and correct design,6582,2026-05-12T10:09:05.906990,
claude_sonnet_en_run1,claude-sonnet-4-6,12,Core Java,What is the difference between an Error and an Exception?,"An Error is a more serious problem than an Exception. Both inherit from Throwable. Exceptions are handled with try-catch, and Errors can technically be caught too but should not be.",partial,partial,0.55,partial,True,"The candidate demonstrates a basic understanding of the Error vs Exception hierarchy and knows both extend Throwable. However, the answer lacks depth. A stronger answer would distinguish between checked and unchecked exceptions, provide concrete examples (e.g., OutOfMemoryError, NullPointerException, IOException), and explain that Errors represent unrecoverable JVM/system-level failures while Exceptions represent conditions an application can reasonably handle and recover from.",Correctly identifies that both Error and Exception inherit from Throwable; Correctly notes that Errors are more serious than Exceptions; Mentions that Errors can technically be caught but should not be,"No mention of checked vs unchecked exceptions distinction; Did not explain that Errors typically represent JVM-level or system-level problems (e.g., OutOfMemoryError, StackOverflowError); Did not mention RuntimeException as a subclass of Exception (unchecked exceptions); No concrete examples of Errors vs Exceptions given; Did not explain WHY Errors should not be caught (unrecoverable situations); No mention that Exceptions represent recoverable conditions that the application can handle",6383,2026-05-12T10:09:12.591114,
claude_sonnet_en_run1,claude-sonnet-4-6,13,Core Java,What is the difference between map() and flatMap() in the Stream API?,"map() transforms each element of the stream into another element. flatMap() also transforms, but I think it flattens nested collections — I'm not entirely sure how it works exactly.",partial,partial,0.35,partial,True,"The candidate has a basic intuition about both methods but lacks technical depth and confidence. They correctly noted that map() transforms elements and that flatMap() involves flattening, but failed to explain the mechanics: flatMap() expects a function that returns a Stream for each element, and then merges all those streams into one. Without understanding that flatMap() handles Stream<Stream<T>> -> Stream<T> transformation, the answer is incomplete. A concrete example would have significantly strengthened the response.",Correctly identified that map() transforms each element; Correctly mentioned that flatMap() flattens nested collections,"flatMap() maps each element to a Stream and then flattens those streams into a single stream; map() produces a one-to-one mapping (Stream<Stream<T>> if applied to collections), while flatMap() produces a one-to-many mapping flattened into one stream; Concrete example: map() on a list of lists returns Stream<List<T>>, flatMap() returns Stream<T>; The function passed to flatMap() must return a Stream, whereas map() returns any object; Practical use case: e.g., splitting sentences into words using flatMap()",6503,2026-05-12T10:09:19.395121,
claude_sonnet_en_run1,claude-sonnet-4-6,14,Core Java,What does the synchronized keyword mean?,synchronized ensures that a given method or block of code can only be executed by one thread at a time. It is used when multiple threads share data.,partial,partial,0.7,correct,False,"The candidate provides a correct but surface-level answer. They capture the core idea of mutual exclusion and the shared-data use case, which is good. However, a stronger answer would explain the underlying lock/monitor mechanism, differentiate between synchronized methods and synchronized blocks, mention that static synchronized methods lock on the Class object while instance methods lock on 'this', and address memory visibility guarantees. For a Junior Developer position, this answer is acceptable but lacks depth.",Correctly identifies that synchronized restricts execution to one thread at a time; Correctly mentions the use case of multiple threads sharing data,No mention of the monitor/intrinsic lock mechanism that underlies synchronization; Did not distinguish between synchronized methods (instance vs static) and synchronized blocks; No mention of visibility guarantees (happens-before relationship / memory visibility); Did not mention that synchronized blocks require specifying a lock object; No mention of potential performance implications or deadlock risks,6073,2026-05-12T10:09:25.768849,
claude_sonnet_en_run1,claude-sonnet-4-6,15,OOP,What is encapsulation?,Encapsulation means setting class fields as private and exposing them through public getters and setters. This way we control access to data.,partial,partial,0.65,correct,False,"The candidate gives a basic but partially correct answer. They correctly identify private fields and public getters/setters as the typical Java implementation of encapsulation. However, the answer is surface-level and misses the deeper concept: encapsulation is about bundling data and behavior together in a class and hiding internal implementation details. A stronger answer would explain why encapsulation matters — e.g., protecting invariants, reducing coupling, and allowing internal changes without breaking external code.",Correctly identifies the use of private fields; Mentions getters and setters as the mechanism for controlled access; Understands the core purpose of controlling access to data,"Encapsulation is a broader OOP principle of bundling data and methods that operate on that data within a single unit (class); Did not mention data hiding as a concept distinct from just using private fields; No mention of how encapsulation helps with maintainability, flexibility, and reducing coupling; Did not mention that encapsulation allows internal implementation to change without affecting external code; No example or elaboration on when/why encapsulation is beneficial",6047,2026-05-12T10:09:32.117270,
claude_sonnet_en_run1,claude-sonnet-4-6,16,Core Java,What are lambda expressions introduced in Java 8?,"A lambda is a shorthand notation for an anonymous method. The syntax is parameters, arrow, and body: (x) -> x * 2. It allows writing shorter code instead of anonymous inner classes.",partial,partial,0.7,correct,False,"The candidate demonstrates a basic understanding of lambda expressions with a correct syntax example and the connection to anonymous inner classes. However, the answer lacks depth regarding the key purpose of lambdas — enabling behavior to be passed as arguments and treating functions as first-class citizens. Mentioning functional interfaces would have strengthened the answer significantly.","Correctly identifies lambda as shorthand for anonymous methods; Provides correct syntax example with parameters, arrow, and body; Mentions the relationship to anonymous inner classes","Did not mention that lambdas allow treating code/behavior as data; Did not mention passing functions as arguments to methods (functional programming concept); Did not mention functional interfaces, which lambdas are tied to; No mention of the broader context of enabling functional programming style in Java",5133,2026-05-12T10:09:37.551934,
claude_sonnet_en_run1,claude-sonnet-4-6,17,Core Java,What is the String Pool in Java?,The String Pool is an area in stack memory where the JVM stores string literals. This way two Strings with the same value point to the same object and we save memory.,wrong,low,0.4,partial,False,"The candidate demonstrates a basic understanding of the String Pool concept — knowing it stores string literals and enables object reuse for memory efficiency. However, there is a critical factual error: the String Pool resides in Heap memory (not stack memory). This is a fundamental mistake that suggests a gap in understanding Java memory model. The answer also lacks important details such as the role of the intern() method, behavior of strings created with 'new', and the connection to String immutability.",Correctly identifies that the String Pool stores string literals; Correctly mentions that two Strings with the same value point to the same object; Correctly mentions memory saving as a benefit,"The String Pool is located in the Heap memory (specifically in the PermGen space in older Java versions, or Metaspace/Heap in Java 8+), NOT in the stack memory; The intern() method, which allows manually adding strings to the pool; Strings created with 'new' keyword bypass the pool and create a new object on the heap; String immutability is what makes the String Pool possible and safe",6411,2026-05-12T10:09:44.263650,
claude_sonnet_en_run1,claude-sonnet-4-6,18,Core Java,What is varargs in Java?,Varargs allows passing exactly one argument of a given type to a method without creating an array. The ... notation is used in the method signature.,wrong,low,0.2,low,True,"The candidate's answer contains a fundamental factual error: varargs allows passing a variable number of arguments (including zero, one, or many), not exactly one. The whole purpose of varargs is to allow flexibility in the number of arguments. Additionally, the candidate incorrectly states that varargs avoids creating an array — in reality, varargs internally uses an array to store the passed arguments. The only correct detail was the use of the '...' notation in the method signature.",Correctly identifies the ... notation used in method signatures,"Varargs allows passing a VARIABLE number of arguments (zero or more), not exactly one; Varargs internally creates an array to hold the arguments; The varargs parameter must be the last parameter in the method signature; You can pass zero arguments to a varargs parameter; You can also explicitly pass an array to a varargs parameter; Only one varargs parameter is allowed per method",5280,2026-05-12T10:09:49.844775,
claude_sonnet_en_run1,claude-sonnet-4-6,19,OOP,Can you instantiate an abstract class?,"Yes, you can create objects of abstract classes using new, but only if you implement all abstract methods inside the constructor.",wrong,low,0.1,low,True,"The candidate's answer is technically incorrect. Abstract classes cannot be instantiated directly using 'new MyAbstractClass()' — this will cause a compile-time error in Java. The candidate incorrectly states that you can use 'new' as long as you implement abstract methods inside the constructor, which is not valid Java. The correct approach is to either extend the abstract class in a concrete subclass or create an anonymous class that implements all abstract methods inline.",,Abstract classes cannot be instantiated directly using the new keyword; Anonymous class instantiation as the only valid workaround; The distinction between direct instantiation and anonymous class creation,4718,2026-05-12T10:09:54.863646,
claude_sonnet_en_run1,claude-sonnet-4-6,20,OOP,What is the difference between aggregation and composition?,In composition objects can exist independently — for example a department and its professors. In aggregation the child object is destroyed along with the parent — for example a building and its rooms.,wrong,low,0.15,low,True,"The candidate has the definitions of aggregation and composition completely reversed. In composition, the child object's lifecycle is tightly bound to the parent — if the parent is destroyed, the child is too (e.g., a building and its rooms). In aggregation, the child can exist independently of the parent (e.g., a department and its professors — professors can exist without the department). The examples used were actually correct for the concepts, but were assigned to the wrong terms. This is a fundamental misunderstanding of these OOP concepts.",Candidate attempted to provide examples to illustrate the concepts,"The definitions of aggregation and composition are swapped — in composition the child cannot exist without the parent (strong ownership), while in aggregation the child can exist independently (weak relationship); Correct definition of composition: child object's lifecycle is dependent on the parent (e.g., building and rooms — rooms cannot exist without the building); Correct definition of aggregation: child object can exist independently of the parent (e.g., department and professors — professors can exist without the department); UML representation differences (diamond shapes: filled for composition, hollow for aggregation); The concept of ownership and lifecycle dependency; HAS-A relationship distinction between the two",7139,2026-05-12T10:10:02.304855,
claude_sonnet_en_run1,claude-sonnet-4-6,21,OOP,What is the Open/Closed Principle?,OCP means that once written code should never be modified. Closed for modification means that classes are final and cannot be inherited from.,wrong,low,0.15,low,True,"The candidate has a fundamental misunderstanding of OCP. The principle states that software entities should be open for extension but closed for modification — meaning you should be able to add new functionality by writing new code (e.g., new subclasses or implementations) rather than modifying existing, tested code. The candidate incorrectly equates 'closed for modification' with making classes final and non-inheritable, which is actually the opposite of how OCP is typically implemented. In practice, OCP is often achieved through inheritance, interfaces, and polymorphism — all of which require classes to be extendable.",Candidate is aware that OCP involves the concept of being 'closed for modification',"OCP means open for EXTENSION, not just closed for modification — the key idea is that you can add new behavior without changing existing code; Closed for modification does NOT mean classes must be final or cannot be inherited — it means existing tested code should not need to change when adding new features; The typical implementation via interfaces, abstract classes, or inheritance to extend behavior; The practical benefit: reducing risk of breaking existing functionality when adding new features; Real-world example such as using polymorphism or strategy pattern to extend behavior",7645,2026-05-12T10:10:10.251268,
claude_sonnet_en_run1,claude-sonnet-4-6,22,Core Java,What is a functional interface?,A functional interface is one that has many abstract methods but one main one. The @FunctionalInterface annotation identifies that main method which will be used by a lambda.,wrong,low,0.2,low,True,"The candidate has a fundamental misunderstanding: a functional interface must have exactly one abstract method, not many. Having more than one abstract method would make it invalid as a functional interface. The description of @FunctionalInterface is also incorrect — it is a compile-time annotation that enforces the single abstract method rule, not something that identifies a 'main method'. The connection to lambdas is correct but lacks depth.",Mentions @FunctionalInterface annotation; Connects functional interfaces to lambda expressions,"A functional interface has EXACTLY ONE abstract method, not 'many abstract methods with one main one'; The @FunctionalInterface annotation does not identify a 'main method' — it is a marker annotation that enforces the single abstract method constraint at compile time; No mention of default or static methods being allowed alongside the single abstract method",5041,2026-05-12T10:10:15.593198,
claude_sonnet_en_run1,claude-sonnet-4-6,23,Core Java,What is the Garbage Collector and how does it work?,The GC works on the stack and removes local variables that have gone out of scope after a method ends. This allows memory to be freed automatically.,wrong,low,0.1,low,True,"The candidate's answer contains a fundamental misconception: the Garbage Collector does NOT work on the stack. The stack manages local variables and method call frames automatically through push/pop operations — no GC is involved there. The GC works on the Heap, where objects are allocated. It identifies objects that are no longer reachable from GC roots and reclaims their memory. The candidate should study heap memory structure, generational GC concepts, and common GC algorithms to give a correct and complete answer.",Candidate understands that GC is related to automatic memory management,"GC operates on the Heap, not the Stack — local variables on the stack are managed automatically by the JVM stack frame mechanism, not GC; GC identifies and collects objects on the heap that are no longer reachable (no references pointing to them); Generational garbage collection: Young Generation (Eden, Survivor spaces), Old Generation (Tenured), and sometimes Metaspace; GC algorithms: Serial, Parallel, G1, ZGC, Shenandoah; Mark-and-Sweep or Mark-Compact phases; Minor GC vs Major/Full GC; The role of the GC roots in determining reachability; Stop-the-world pauses; finalize() method and its deprecation",8045,2026-05-12T10:10:23.939048,
claude_sonnet_en_run1,claude-sonnet-4-6,24,Core Java,What is the difference between map() and flatMap() in the Stream API?,"flatMap() transforms each element of the stream into exactly one other element. map() on the other hand allows flattening nested structures, for example Stream<List<String>> to Stream<String>.",wrong,low,0.15,low,True,"The candidate has the concepts of map() and flatMap() reversed. map() is the operation that transforms each element into exactly one other element (one-to-one mapping), while flatMap() is the operation that flattens nested structures by mapping each element to a Stream and then merging all those streams into one. The example given (Stream<List<String>> to Stream<String>) is correct for flatMap(), but it was incorrectly attributed to map(). This fundamental confusion about which method does what is a significant error for a Java developer role.",The candidate is aware that both map() and flatMap() are related to stream transformation; The candidate mentions the concept of flattening nested structures like Stream<List<String>> to Stream<String>,"The definitions of map() and flatMap() are completely swapped — map() transforms each element to exactly one other element, while flatMap() flattens nested structures; map() applies a function that returns a single value per element, producing Stream<R>; flatMap() applies a function that returns a Stream per element, then flattens all those streams into one Stream<R>; The function passed to map() has signature Function<T, R>, while flatMap() takes Function<T, Stream<R>>; Practical use case: flatMap() is used when each element maps to multiple elements (e.g., splitting sentences into words)",8660,2026-05-12T10:10:32.900590,
claude_sonnet_en_run1,claude-sonnet-4-6,25,Core Java,What is the Garbage Collector and how does it work?,"The Garbage Collector is a very important mechanism in Java that automatically manages application memory in an efficient and transparent way for the programmer, ensuring optimal system performance and eliminating memory-related problems.",waffle,low,0.15,low,True,"The answer is extremely vague and lacks any concrete technical details. While the candidate correctly identifies that GC handles automatic memory management, they provide no explanation of how it actually works. A junior developer should be able to explain at minimum: that GC reclaims memory occupied by objects no longer referenced, the concept of heap memory, and the basic mark-and-sweep process. The answer reads more like a marketing description than a technical explanation.",Correctly identifies that Garbage Collector is related to automatic memory management; Mentions it works transparently for the programmer,"No mention of heap memory and how objects are allocated there; No explanation of how GC identifies unreachable/unreferenced objects; No mention of GC generations (Young, Old/Tenured, Permanent/Metaspace); No description of GC algorithms (Mark and Sweep, Copying, Mark-Compact); No mention of specific GC implementations (Serial, Parallel, G1, ZGC, Shenandoah); No explanation of Stop-the-World pauses; No mention of finalization or object lifecycle; No discussion of when GC is triggered",6182,2026-05-12T10:10:39.383897,
claude_sonnet_en_run1,claude-sonnet-4-6,26,OOP,What is encapsulation?,"Encapsulation is a very important principle of object-oriented programming that allows writing better organised, clean, and secure code through proper structuring of classes and their members.",waffle,low,0.15,low,True,"The candidate's answer is too vague and generic. While it correctly places encapsulation within OOP, it fails to provide any concrete technical details. A proper answer should explain that encapsulation involves bundling data (fields) and methods into a single unit (class), restricting direct access to fields using access modifiers like 'private', and exposing controlled access through public getters and setters. The answer reads more like a marketing statement than a technical definition.",Correctly identifies encapsulation as a principle of object-oriented programming,"No mention of bundling data (fields) and methods together in a class; No mention of access modifiers (private, protected, public); No explanation of hiding internal state/implementation details; No mention of getters and setters as the mechanism to control access; No concrete example demonstrating encapsulation in Java; No explanation of why encapsulation improves security or maintainability",5322,2026-05-12T10:10:45.007039,
claude_sonnet_en_run1,claude-sonnet-4-6,27,Core Java,What are lambda expressions?,"Lambda expressions are a modern feature introduced in Java 8 that greatly simplifies code and makes it more elegant, concise, and easier to maintain for developers.",waffle,low,0.1,low,True,"The candidate only mentions that lambdas are a Java 8 feature and uses vague descriptors like 'elegant' and 'concise' without explaining what lambda expressions actually are. There is no mention of the syntax, the concept of anonymous methods, functional interfaces, or how behavior can be passed as arguments. A technical definition and at least a basic syntax example were expected.",Correctly identifies lambda expressions as a Java 8 feature,Definition as anonymous method/function; Syntax: (parameters) -> { method body }; Treating code/behavior as data; Passing functions as arguments to methods; Relationship to functional interfaces,4198,2026-05-12T10:10:49.505897,
claude_sonnet_en_run1,claude-sonnet-4-6,28,OOP,What is the Open/Closed Principle?,OCP is a principle of good software design that says classes should be well designed from the start so that they do not need to be modified in the future and the system remains scalable.,waffle,low,0.2,low,True,"The candidate's answer is vague and misses the fundamental definition of OCP. The principle is not about designing classes perfectly from the start so they never need changes — it is specifically about making software entities open for extension but closed for modification. This means you should be able to add new functionality by extending existing code (e.g., via inheritance or interfaces) without altering the existing, tested code. The candidate should study the formal definition and be able to provide a concrete example, such as using an abstract class or interface to allow new behavior without touching existing implementations.",Candidate is aware that OCP relates to software design and scalability,"The core definition: open for extension, closed for modification; The distinction between extending behavior (open) vs modifying existing code (closed); Practical examples such as using inheritance, interfaces, or abstract classes to extend behavior; The reason behind OCP: to avoid breaking existing tested code when adding new features",6093,2026-05-12T10:10:55.900417,
claude_sonnet_en_run1,claude-sonnet-4-6,29,OOP,What is abstraction in object-oriented programming?,Abstraction means hiding things from the user that are not relevant to them and showing only what is important. This makes the code simpler to use.,waffle,low,0.4,partial,False,"The candidate has a basic, surface-level understanding of abstraction but lacks technical depth. The answer is too vague and does not reference any Java-specific constructs such as abstract classes or interfaces, which are the primary tools for implementing abstraction in Java. A stronger answer would explain the 'what vs how' distinction, provide a real-world or code example, and mention how abstract classes/interfaces enforce abstraction in OOP.",Correctly identifies the core idea of hiding irrelevant details; Mentions the benefit of simplicity for the user,"No mention of abstract classes or interfaces in Java as mechanisms to achieve abstraction; Did not distinguish abstraction from encapsulation; No concrete example provided (e.g., a car's steering wheel hiding engine complexity); Did not mention that abstraction focuses on 'what' an object does rather than 'how' it does it; No mention of how abstraction helps in defining contracts or blueprints for subclasses",6531,2026-05-12T10:11:02.732480,
claude_sonnet_en_run1,claude-sonnet-4-6,30,Core Java,What is the difference between an Error and an Exception?,These are two different types of problems that can occur in a Java application. Both are part of the JVM error handling system and should be handled appropriately by the programmer depending on the situation and project requirements.,waffle,low,0.1,low,True,"The answer is extremely vague and lacks any concrete technical details. The candidate did not mention the Throwable hierarchy, the distinction between recoverable and unrecoverable problems, checked vs unchecked exceptions, or any specific examples. Simply stating they are 'two different types of problems' without elaboration demonstrates insufficient knowledge of this fundamental Java concept.",Acknowledges that both Error and Exception are part of Java's problem-handling mechanism,"Both Error and Exception extend Throwable class; Errors represent serious, unrecoverable problems (e.g., OutOfMemoryError, StackOverflowError) typically caused by the JVM or environment; Exceptions represent recoverable conditions that a program should handle; Checked vs unchecked exceptions distinction; Errors are generally not meant to be caught or handled by application code; Examples of each: IOException, NullPointerException for exceptions; OutOfMemoryError, StackOverflowError for errors; The class hierarchy: Throwable -> Error / Exception",5686,2026-05-12T10:11:08.721097,
claude_sonnet_en_run1,claude-sonnet-4-6,31,Core Java,What are the access modifiers in Java and how do they differ?,"Access modifiers are a very important part of the Java language that allows programmers to control the visibility and accessibility of code elements in an appropriate way, which is key for security and good application architecture.",waffle,low,0.1,low,True,"The candidate provided only a vague, high-level description of what access modifiers are used for, without naming or explaining any of the actual modifiers. A correct answer should enumerate all four modifiers (public, protected, default/package-private, private) and clearly describe the visibility scope of each — e.g., private is accessible only within the same class, default is accessible within the same package, protected is accessible within the same package and subclasses, and public is accessible from anywhere. No concrete technical details were provided.",Candidate understands the general purpose of access modifiers (controlling visibility and accessibility),"Did not name any of the four access modifiers: public, protected, default (package-private), and private; No explanation of the scope/visibility differences between each modifier; No mention of class-level vs member-level access; No explanation of package-level visibility; No mention of inheritance and how protected works with subclasses",6245,2026-05-12T10:11:15.267809,
claude_sonnet_en_run1,claude-sonnet-4-6,32,OOP,What is the difference between aggregation and composition?,Aggregation and composition are two types of relationships between objects in object-oriented programming. They differ in the strength of the coupling between objects and have different use cases depending on how objects are related in a given system.,waffle,low,0.1,low,True,"The answer is extremely vague and provides no concrete technical details. The candidate only restates the question in different words without explaining what actually distinguishes aggregation from composition. A proper answer should explain that composition implies strong ownership and lifecycle dependency (the part cannot exist without the whole), while aggregation implies a weaker relationship where the contained object can exist independently. Concrete examples and ideally code snippets would demonstrate real understanding.",Candidate correctly identifies that aggregation and composition are types of relationships between objects in OOP; Mentions that they differ in strength of coupling,"No explanation of composition as a 'has-a' relationship with strong ownership (child cannot exist without parent); No explanation of aggregation as a 'has-a' relationship with weak ownership (child can exist independently); No mention of lifecycle dependency: in composition, the child object's lifecycle is tied to the parent; in aggregation it is not; No concrete examples (e.g., Car and Engine for composition; University and Professor for aggregation); No mention that in composition the contained object is destroyed when the container is destroyed; No code examples or UML notation differences",6471,2026-05-12T10:11:22.040023,
claude_sonnet_en_run1,claude-sonnet-4-6,33,Core Java,What is the difference between the == operator and the equals() method?,"It depends on the context and the types being used. In some situations both behave the same way, in others differently. You need to check the documentation for the specific class.",evasive,low,0.1,low,True,"The candidate's answer is extremely vague and demonstrates no concrete understanding of the difference between == and equals(). The response avoids any technical explanation and incorrectly suggests the behavior is context-dependent in a way that implies uncertainty rather than knowledge. A correct answer should clearly state that == compares object references (memory addresses) while equals() compares object content/logical equality, and that for primitives == compares values. The candidate should also mention that overriding equals() can define custom equality logic.",,"== compares object references (memory addresses), not content; equals() compares the logical/content equality of objects; For primitive types, == compares values directly; String literal pool behavior and how == can return true for interned strings; Default equals() in Object class behaves like == (reference comparison); Overriding equals() in classes like String, Integer to compare content; Practical example demonstrating the difference (e.g., new String vs string literal)",6552,2026-05-12T10:11:28.893646,
claude_sonnet_en_run1,claude-sonnet-4-6,34,Core Java,What is the Stream API?,"I have used the Stream API in several projects and it works very well for processing collections. It is hard for me to explain exactly in words, but in practice I know how to use it.",evasive,low,0.1,low,True,"The candidate only mentioned having practical experience but provided no technical explanation of what the Stream API is. A junior developer should be able to articulate at minimum that Stream API is a Java 8 feature for processing collections in a functional style, and name a few common operations like filter, map, and collect. The answer lacks any concrete technical content and cannot be scored higher despite claimed practical experience.",Candidate has practical experience using Stream API,"Definition of Stream API as a functional-style API for processing sequences of elements; Introduced in Java 8; Difference between intermediate and terminal operations; Lazy evaluation concept; Common operations such as filter, map, reduce, collect, forEach; Streams do not modify the original data source; Support for parallel streams; Pipeline concept in Stream API",5990,2026-05-12T10:11:35.185007,
claude_sonnet_en_run1,claude-sonnet-4-6,35,Core Java,What does the synchronized keyword mean?,synchronized is used in multithreading when we have multiple threads. It ensures that the code works correctly in such situations.,evasive,low,0.2,low,True,"The answer is too vague and lacks any concrete technical detail. The candidate only states that synchronized is used in multithreading and 'ensures code works correctly', which is not a meaningful technical explanation. A proper answer should explain that synchronized enforces mutual exclusion by allowing only one thread at a time to acquire the intrinsic lock of an object and execute the synchronized block or method, preventing race conditions and ensuring memory visibility.",Correctly associates synchronized with multithreading; Mentions multiple threads context,Mutual exclusion / only one thread can execute synchronized block/method at a time; Monitor/lock mechanism - every object has an intrinsic lock; Visibility guarantee - changes made in synchronized block are visible to other threads; Can be applied to methods (instance and static) and code blocks; Prevents race conditions and data inconsistency; Performance implications due to lock acquisition,6092,2026-05-12T10:11:41.577501,
claude_sonnet_en_run1,claude-sonnet-4-6,36,Core Java,What is Optional and what problem does it solve?,Optional is a class that helps with nulls. You wrap an object in it and then you can operate on it.,evasive,low,0.2,low,True,"The answer is extremely vague and lacks any meaningful technical depth. While the candidate correctly identifies that Optional relates to null handling and wrapping objects, they fail to explain what problem it specifically solves (NullPointerException), how it works, or any of its key methods. A junior developer should be able to explain at least the core API methods like orElse(), isPresent(), and the factory methods, as well as articulate why Optional is preferable to returning null from methods.",Correctly identifies Optional as a class; Mentions it relates to null handling; Mentions wrapping an object,"Optional was introduced in Java 8; It is a container object that may or may not contain a non-null value; It solves the NullPointerException problem explicitly; Key methods: isPresent(), get(), orElse(), orElseGet(), orElseThrow(), ifPresent(), map(), flatMap(), filter(); It forces the caller to explicitly handle the case where a value may be absent; It is used as a return type to signal that a method may not return a value; Difference between Optional.of(), Optional.ofNullable(), and Optional.empty()",8711,2026-05-12T10:11:50.589365,
claude_sonnet_en_run1,claude-sonnet-4-6,37,OOP,What is the Single Responsibility Principle?,"SRP means that a class should do one thing. For example, a UserService class should deal with users and not with something else.",evasive,low,0.3,partial,False,"The candidate has a very basic understanding of SRP but lacks depth. The answer is superficial and does not demonstrate solid knowledge of the principle. The formal definition by Robert C. Martin states that a class should have only one reason to change, meaning it should only have one job or responsibility. A stronger answer would include a concrete example showing a violation (e.g., a class that handles both business logic and database persistence) and explain why separating concerns improves code quality.",Correctly identifies that SRP means a class should have one responsibility; Provides a basic example with UserService,"No mention that a class should have only one reason to change (Robert Martin's formal definition); No explanation of why SRP is important (maintainability, testability, reduced coupling); No concrete example showing what violates SRP vs what follows it; No mention of cohesion concept; The example is too vague - does not illustrate what mixing responsibilities looks like",5649,2026-05-12T10:11:56.539356,
claude_sonnet_en_run1,claude-sonnet-4-6,38,Core Java,What is the difference between map() and flatMap() in the Stream API?,"I have used both in projects and I know when to use one versus the other, but it is hard for me to explain it precisely. In practice flatMap() is used for more complex cases.",evasive,low,0.1,low,True,"The answer is too vague and lacks any technical substance. The candidate admits they cannot explain the difference precisely, which is a significant concern for a developer role. A Junior Java Developer should be able to clearly articulate that map() performs a 1-to-1 transformation while flatMap() performs a 1-to-many transformation and flattens nested structures. No technical details, examples, or definitions were provided. To improve, the candidate should study Stream API documentation and practice explaining with concrete code examples, such as flattening a List<List<String>> into a Stream<String>.",Candidate acknowledges practical experience with both methods; Correctly identifies that flatMap() is used for more complex cases,"map() transforms each element to exactly one output element, preserving stream structure; flatMap() transforms each element to zero or more elements by flattening nested streams; map() returns Stream<Stream<T>> when applied to collections, while flatMap() flattens it to Stream<T>; flatMap() accepts a function that returns a Stream, then merges/flattens all those streams into one; Concrete example: using flatMap() to flatten a list of lists into a single stream; The concept of 1-to-1 vs 1-to-many transformation",7221,2026-05-12T10:12:04.061186,
claude_sonnet_en_run1,claude-sonnet-4-6,39,Core Java,What is the String Pool in Java?,The String Pool is an optimisation mechanism in Java. The idea is that the JVM somehow stores Strings to save memory. The exact details depend on the JVM implementation.,evasive,low,0.2,low,True,"The answer is too vague and lacks concrete technical details. While the candidate correctly identifies the String Pool as an optimization for memory saving, they fail to explain how it actually works: that string literals are stored in a shared pool in the heap, that the JVM reuses existing String objects when the same literal is used multiple times, or that strings created with 'new' bypass the pool. The statement 'exact details depend on the JVM implementation' is a deflection rather than a technical explanation. A junior developer should be able to describe the basic mechanics of string interning and the pool.",Correctly identifies the String Pool as an optimization mechanism; Mentions memory saving as the purpose,"String Pool is located in the heap memory (PermGen in older JVMs, heap in Java 8+); String literals are automatically interned/stored in the pool; When a String literal is created, JVM checks the pool first to reuse existing instances; The intern() method can be used to manually add strings to the pool; String immutability is what makes the pool possible and safe; Two string literals with the same value point to the same object in the pool (== comparison); Strings created with 'new' keyword bypass the pool",6828,2026-05-12T10:12:11.189907,
claude_sonnet_en_run1,claude-sonnet-4-6,40,OOP,Can you instantiate an abstract class?,"It depends on what we mean by instantiation. In certain cases it is possible to obtain a working object based on an abstract class, although direct use of new may not be possible.",evasive,low,0.2,low,True,"The answer is too vague and lacks technical depth. The candidate avoids giving a clear answer and does not mention the key concepts: that 'new AbstractClass()' is explicitly forbidden by the compiler, and that anonymous classes are the way to create an object that is based on an abstract class while providing implementations for abstract methods inline.",Candidate hints at the nuance that there may be indirect ways to work with abstract classes,Explicit statement that direct instantiation with 'new' keyword is forbidden; Anonymous class as the mechanism to obtain an object based on an abstract class; No concrete technical details or examples provided,4637,2026-05-12T10:12:16.127634,
